Atr-0,Atr-1,Atr-2,Atr-3,Atr-4,Atr-5,Atr-6,Atr-7,Atr-8,Atr-9,Atr-10,Atr-11,Atr-12,Atr-13,Atr-14,Atr-15,Atr-16,Atr-17,Atr-18,Atr-19,Atr-20,Atr-21,Atr-22,Atr-23,Atr-24,Atr-25,Atr-26,Atr-27,Atr-28,Atr-29,Atr-30,Atr-31,Atr-32,Atr-33,Atr-34,Atr-35,Atr-36,Atr-37,Atr-38,Atr-39,Atr-40,Class
0.0, tcp, private, REJ, 0.0, 0.0, 0, 0, 0, 0.0, 0, 0, 0.0, 0, 0, 0.0, 0.0, 0, 0, 0, 0, 0, 28.0, 1.0, 0.0, 0.0, 1.0, 1.0, 0.04, 0.54, 0.0, 198.0, 1.0, 0.01, 0.09, 0.14, 0.0, 0.01, 0.0, 0.39, 1.0, negative
1.0, tcp, private, RSTR, 0.0, 0.0, 0, 0, 0, 0.0, 0, 0, 0.0, 0, 0, 0.0, 0.0, 0, 0, 0, 0, 0, 48.0, 2.0, 0.0, 0.0, 1.0, 1.0, 0.04, 0.54, 0.0, 218.0, 2.0, 0.01, 0.12, 0.22, 0.0, 0.01, 0.0, 0.44, 1.0, negative
1.0, tcp, private, RSTR, 0.0, 0.0, 0, 0, 0, 0.0, 0, 0, 0.0, 0, 0, 0.0, 0.0, 0, 0, 0, 0, 0, 98.0, 2.0, 0.0, 0.0, 1.0, 1.0, 0.02, 0.55, 0.0, 255.0, 2.0, 0.01, 0.22, 0.38, 0.0, 0.0, 0.0, 0.53, 1.0, negative
0.0, tcp, private, S0, 0.0, 0.0, 0, 0, 0, 0.0, 0, 0, 0.0, 0, 0, 0.0, 0.0, 0, 0, 0, 0, 0, 7.0, 1.0, 0.71, 1.0, 0.29, 0.0, 0.14, 0.57, 0.0, 255.0, 1.0, 0.0, 0.02, 0.03, 0.0, 0.02, 1.0, 0.01, 0.0, negative
0.0, tcp, private, S0, 0.0, 0.0, 0, 0, 0, 0.0, 0, 0, 0.0, 0, 0, 0.0, 0.0, 0, 0, 0, 0, 0, 47.0, 2.0, 0.81, 1.0, 0.19, 0.0, 0.04, 0.4, 0.0, 255.0, 2.0, 0.01, 0.08, 0.18, 0.0, 0.15, 1.0, 0.04, 0.0, negative
1.0, tcp, private, RSTOS0, 0.0, 0.0, 0, 0, 0, 0.0, 0, 0, 0.0, 0, 0, 0.0, 0.0, 0, 0, 0, 0, 0, 157.0, 2.0, 0.69, 0.5, 0.31, 0.5, 0.01, 0.38, 0.0, 255.0, 2.0, 0.01, 0.24, 0.62, 0.0, 0.43, 0.5, 0.19, 0.5, negative
0.0, tcp, systat, RSTR, 0.0, 0.0, 0, 0, 0, 0.0, 0, 0, 0.0, 0, 0, 0.0, 0.0, 0, 0, 0, 0, 0, 1.0, 1.0, 0.0, 0.0, 1.0, 1.0, 1.0, 0.0, 0.0, 255.0, 1.0, 0.0, 0.06, 0.04, 0.0, 0.0, 0.0, 0.04, 1.0, negative
0.0, tcp, ftp, RSTR, 0.0, 0.0, 0, 0, 0, 0.0, 0, 0, 0.0, 0, 0, 0.0, 0.0, 0, 0, 0, 0, 0, 1.0, 1.0, 0.0, 0.0, 1.0, 1.0, 1.0, 0.0, 0.0, 255.0, 1.0, 0.0, 0.1, 0.08, 0.0, 0.0, 0.0, 0.08, 1.0, negative
0.0, tcp, private, RSTR, 0.0, 0.0, 0, 0, 0, 0.0, 0, 0, 0.0, 0, 0, 0.0, 0.0, 0, 0, 0, 0, 0, 1.0, 1.0, 0.0, 0.0, 1.0, 1.0, 1.0, 0.0, 0.0, 255.0, 1.0, 0.0, 0.13, 0.12, 0.0, 0.0, 0.0, 0.12, 1.0, negative
0.0, tcp, private, RSTR, 0.0, 0.0, 0, 0, 0, 0.0, 0, 0, 0.0, 0, 0, 0.0, 0.0, 0, 0, 0, 0, 0, 1.0, 1.0, 0.0, 0.0, 1.0, 1.0, 1.0, 0.0, 0.0, 255.0, 1.0, 0.0, 0.17, 0.16, 0.0, 0.0, 0.0, 0.16, 1.0, negative
0.0, tcp, private, RSTR, 0.0, 0.0, 0, 0, 0, 0.0, 0, 0, 0.0, 0, 0, 0.0, 0.0, 0, 0, 0, 0, 0, 1.0, 1.0, 0.0, 0.0, 1.0, 1.0, 1.0, 0.0, 0.0, 255.0, 1.0, 0.0, 0.25, 0.24, 0.0, 0.0, 0.0, 0.24, 1.0, negative
0.0, tcp, private, RSTR, 0.0, 0.0, 0, 0, 0, 0.0, 0, 0, 0.0, 0, 0, 0.0, 0.0, 0, 0, 0, 0, 0, 1.0, 1.0, 0.0, 0.0, 1.0, 1.0, 1.0, 0.0, 0.0, 255.0, 1.0, 0.0, 0.6, 0.59, 0.0, 0.0, 0.0, 0.59, 1.0, negative
0.0, tcp, private, RSTR, 0.0, 0.0, 0, 0, 0, 0.0, 0, 0, 0.0, 0, 0, 0.0, 0.0, 0, 0, 0, 0, 0, 1.0, 1.0, 0.0, 0.0, 1.0, 1.0, 1.0, 0.0, 0.0, 255.0, 1.0, 0.0, 1.0, 1.0, 0.0, 0.0, 0.0, 1.0, 1.0, negative
14.0, tcp, private, RSTR, 0.0, 0.0, 0, 0, 0, 0.0, 0, 0, 0.0, 0, 0, 0.0, 0.0, 0, 0, 0, 0, 0, 1.0, 1.0, 0.0, 0.0, 1.0, 1.0, 1.0, 0.0, 0.0, 255.0, 1.0, 0.0, 1.0, 1.0, 0.0, 0.0, 0.0, 1.0, 1.0, negative
0.0, tcp, private, RSTR, 0.0, 0.0, 0, 0, 0, 0.0, 0, 0, 0.0, 0, 0, 0.0, 0.0, 0, 0, 0, 0, 0, 1.0, 1.0, 0.0, 0.0, 1.0, 1.0, 1.0, 0.0, 0.0, 255.0, 1.0, 0.0, 1.0, 1.0, 0.0, 0.0, 0.0, 1.0, 1.0, negative
0.0, tcp, private, RSTR, 0.0, 0.0, 0, 0, 0, 0.0, 0, 0, 0.0, 0, 0, 0.0, 0.0, 0, 0, 0, 0, 0, 1.0, 1.0, 0.0, 0.0, 1.0, 1.0, 1.0, 0.0, 0.0, 255.0, 1.0, 0.0, 1.0, 1.0, 0.0, 0.0, 0.0, 1.0, 1.0, negative
14.0, tcp, private, RSTR, 0.0, 0.0, 0, 0, 0, 0.0, 0, 0, 0.0, 0, 0, 0.0, 0.0, 0, 0, 0, 0, 0, 1.0, 1.0, 0.0, 0.0, 1.0, 1.0, 1.0, 0.0, 0.0, 255.0, 1.0, 0.0, 1.0, 1.0, 0.0, 0.0, 0.0, 1.0, 1.0, negative
0.0, tcp, private, RSTR, 0.0, 0.0, 0, 0, 0, 0.0, 0, 0, 0.0, 0, 0, 0.0, 0.0, 0, 0, 0, 0, 0, 1.0, 1.0, 0.0, 0.0, 1.0, 1.0, 1.0, 0.0, 0.0, 255.0, 1.0, 0.0, 1.0, 1.0, 0.0, 0.0, 0.0, 1.0, 1.0, negative
0.0, tcp, private, RSTR, 0.0, 0.0, 0, 0, 0, 0.0, 0, 0, 0.0, 0, 0, 0.0, 0.0, 0, 0, 0, 0, 0, 1.0, 1.0, 0.0, 0.0, 1.0, 1.0, 1.0, 0.0, 0.0, 255.0, 1.0, 0.0, 1.0, 1.0, 0.0, 0.0, 0.0, 1.0, 1.0, negative
0.0, tcp, private, RSTR, 0.0, 0.0, 0, 0, 0, 0.0, 0, 0, 0.0, 0, 0, 0.0, 0.0, 0, 0, 0, 0, 0, 1.0, 1.0, 0.0, 0.0, 1.0, 1.0, 1.0, 0.0, 0.0, 255.0, 1.0, 0.0, 1.0, 1.0, 0.0, 0.0, 0.0, 1.0, 1.0, negative
0.0, tcp, private, RSTR, 0.0, 0.0, 0, 0, 0, 0.0, 0, 0, 0.0, 0, 0, 0.0, 0.0, 0, 0, 0, 0, 0, 1.0, 1.0, 0.0, 0.0, 1.0, 1.0, 1.0, 0.0, 0.0, 255.0, 1.0, 0.0, 1.0, 1.0, 0.0, 0.0, 0.0, 1.0, 1.0, negative
0.0, tcp, private, RSTR, 0.0, 0.0, 0, 0, 0, 0.0, 0, 0, 0.0, 0, 0, 0.0, 0.0, 0, 0, 0, 0, 0, 1.0, 1.0, 0.0, 0.0, 1.0, 1.0, 1.0, 0.0, 0.0, 255.0, 1.0, 0.0, 1.0, 1.0, 0.0, 0.0, 0.0, 1.0, 1.0, negative
0.0, tcp, private, RSTR, 0.0, 0.0, 0, 0, 0, 0.0, 0, 0, 0.0, 0, 0, 0.0, 0.0, 0, 0, 0, 0, 0, 1.0, 1.0, 0.0, 0.0, 1.0, 1.0, 1.0, 0.0, 0.0, 255.0, 1.0, 0.0, 1.0, 1.0, 0.0, 0.0, 0.0, 1.0, 1.0, negative
0.0, tcp, private, RSTR, 0.0, 0.0, 0, 0, 0, 0.0, 0, 0, 0.0, 0, 0, 0.0, 0.0, 0, 0, 0, 0, 0, 1.0, 1.0, 0.0, 0.0, 1.0, 1.0, 1.0, 0.0, 0.0, 255.0, 1.0, 0.0, 1.0, 1.0, 0.0, 0.0, 0.0, 1.0, 1.0, negative
0.0, tcp, private, RSTR, 0.0, 0.0, 0, 0, 0, 0.0, 0, 0, 0.0, 0, 0, 0.0, 0.0, 0, 0, 0, 0, 0, 1.0, 1.0, 0.0, 0.0, 1.0, 1.0, 1.0, 0.0, 0.0, 255.0, 1.0, 0.0, 1.0, 1.0, 0.0, 0.0, 0.0, 1.0, 1.0, negative
0.0, tcp, other, RSTR, 0.0, 0.0, 0, 0, 0, 0.0, 0, 0, 0.0, 0, 0, 0.0, 0.0, 0, 0, 0, 0, 0, 1.0, 1.0, 0.0, 0.0, 1.0, 1.0, 1.0, 0.0, 0.0, 255.0, 1.0, 0.0, 1.0, 1.0, 0.0, 0.0, 0.0, 1.0, 1.0, negative
0.0, tcp, other, RSTR, 0.0, 0.0, 0, 0, 0, 0.0, 0, 0, 0.0, 0, 0, 0.0, 0.0, 0, 0, 0, 0, 0, 1.0, 1.0, 0.0, 0.0, 1.0, 1.0, 1.0, 0.0, 0.0, 255.0, 1.0, 0.0, 1.0, 1.0, 0.0, 0.0, 0.0, 0.99, 1.0, negative
0.0, tcp, other, RSTR, 0.0, 0.0, 0, 0, 0, 0.0, 0, 0, 0.0, 0, 0, 0.0, 0.0, 0, 0, 0, 0, 0, 1.0, 1.0, 0.0, 0.0, 1.0, 1.0, 1.0, 0.0, 0.0, 255.0, 1.0, 0.0, 1.0, 1.0, 0.0, 0.0, 0.0, 0.99, 1.0, negative
0.0, tcp, other, RSTR, 0.0, 0.0, 0, 0, 0, 0.0, 0, 0, 0.0, 0, 0, 0.0, 0.0, 0, 0, 0, 0, 0, 1.0, 1.0, 0.0, 0.0, 1.0, 1.0, 1.0, 0.0, 0.0, 255.0, 1.0, 0.0, 1.0, 1.0, 0.0, 0.0, 0.0, 0.99, 1.0, negative
0.0, tcp, other, RSTR, 0.0, 0.0, 0, 0, 0, 0.0, 0, 0, 0.0, 0, 0, 0.0, 0.0, 0, 0, 0, 0, 0, 1.0, 1.0, 0.0, 0.0, 1.0, 1.0, 1.0, 0.0, 0.0, 255.0, 1.0, 0.0, 1.0, 1.0, 0.0, 0.0, 0.0, 0.99, 1.0, negative
0.0, tcp, other, RSTR, 0.0, 0.0, 0, 0, 0, 0.0, 0, 0, 0.0, 0, 0, 0.0, 0.0, 0, 0, 0, 0, 0, 1.0, 1.0, 0.0, 0.0, 1.0, 1.0, 1.0, 0.0, 0.0, 255.0, 1.0, 0.0, 1.0, 1.0, 0.0, 0.0, 0.0, 0.99, 1.0, negative
0.0, tcp, other, RSTR, 0.0, 0.0, 0, 0, 0, 0.0, 0, 0, 0.0, 0, 0, 0.0, 0.0, 0, 0, 0, 0, 0, 1.0, 1.0, 0.0, 0.0, 1.0, 1.0, 1.0, 0.0, 0.0, 255.0, 1.0, 0.0, 1.0, 1.0, 0.0, 0.0, 0.0, 1.0, 1.0, negative
0.0, tcp, other, RSTR, 0.0, 0.0, 0, 0, 0, 0.0, 0, 0, 0.0, 0, 0, 0.0, 0.0, 0, 0, 0, 0, 0, 1.0, 1.0, 0.0, 0.0, 1.0, 1.0, 1.0, 0.0, 0.0, 255.0, 1.0, 0.0, 1.0, 1.0, 0.0, 0.0, 0.0, 1.0, 1.0, negative
0.0, tcp, other, RSTR, 0.0, 0.0, 0, 0, 0, 0.0, 0, 0, 0.0, 0, 0, 0.0, 0.0, 0, 0, 0, 0, 0, 1.0, 1.0, 0.0, 0.0, 1.0, 1.0, 1.0, 0.0, 0.0, 255.0, 1.0, 0.0, 1.0, 1.0, 0.0, 0.0, 0.0, 0.99, 1.0, negative
0.0, tcp, other, RSTR, 0.0, 0.0, 0, 0, 0, 0.0, 0, 0, 0.0, 0, 0, 0.0, 0.0, 0, 0, 0, 0, 0, 1.0, 1.0, 0.0, 0.0, 1.0, 1.0, 1.0, 0.0, 0.0, 255.0, 1.0, 0.0, 1.0, 1.0, 0.0, 0.0, 0.0, 0.99, 1.0, negative
0.0, tcp, smtp, RSTR, 0.0, 0.0, 0, 0, 0, 0.0, 0, 0, 0.0, 0, 0, 0.0, 0.0, 0, 0, 0, 0, 0, 1.0, 1.0, 0.0, 0.0, 1.0, 1.0, 1.0, 0.0, 0.0, 123.0, 89.0, 0.24, 0.21, 0.2, 0.02, 0.0, 0.0, 0.2, 0.01, negative
0.0, tcp, private, RSTR, 0.0, 0.0, 0, 0, 0, 0.0, 0, 0, 0.0, 0, 0, 0.0, 0.0, 0, 0, 0, 0, 0, 1.0, 1.0, 0.0, 0.0, 1.0, 1.0, 1.0, 0.0, 0.0, 213.0, 1.0, 0.0, 0.54, 0.54, 0.0, 0.0, 0.0, 0.54, 1.0, negative
0.0, tcp, private, RSTR, 0.0, 0.0, 0, 0, 0, 0.0, 0, 0, 0.0, 0, 0, 0.0, 0.0, 0, 0, 0, 0, 0, 1.0, 1.0, 0.0, 0.0, 1.0, 1.0, 1.0, 0.0, 0.0, 253.0, 1.0, 0.0, 0.61, 0.61, 0.0, 0.0, 0.0, 0.61, 1.0, negative
0.0, tcp, private, RSTR, 0.0, 0.0, 0, 0, 0, 0.0, 0, 0, 0.0, 0, 0, 0.0, 0.0, 0, 0, 0, 0, 0, 1.0, 1.0, 0.0, 0.0, 1.0, 1.0, 1.0, 0.0, 0.0, 255.0, 1.0, 0.0, 0.65, 0.65, 0.0, 0.0, 0.0, 0.64, 1.0, negative
0.0, tcp, private, RSTR, 0.0, 0.0, 0, 0, 0, 0.0, 0, 0, 0.0, 0, 0, 0.0, 0.0, 0, 0, 0, 0, 0, 1.0, 1.0, 0.0, 0.0, 1.0, 1.0, 1.0, 0.0, 0.0, 255.0, 1.0, 0.0, 0.73, 0.73, 0.0, 0.0, 0.0, 0.72, 1.0, negative
0.0, tcp, private, RSTR, 0.0, 0.0, 0, 0, 0, 0.0, 0, 0, 0.0, 0, 0, 0.0, 0.0, 0, 0, 0, 0, 0, 1.0, 1.0, 0.0, 0.0, 1.0, 1.0, 1.0, 0.0, 0.0, 255.0, 1.0, 0.0, 1.0, 1.0, 0.0, 0.0, 0.0, 1.0, 1.0, negative
0.0, tcp, private, RSTR, 0.0, 0.0, 0, 0, 0, 0.0, 0, 0, 0.0, 0, 0, 0.0, 0.0, 0, 0, 0, 0, 0, 1.0, 1.0, 0.0, 0.0, 1.0, 1.0, 1.0, 0.0, 0.0, 255.0, 1.0, 0.0, 1.0, 1.0, 0.0, 0.0, 0.0, 1.0, 1.0, negative
0.0, tcp, private, RSTR, 0.0, 0.0, 0, 0, 0, 0.0, 0, 0, 0.0, 0, 0, 0.0, 0.0, 0, 0, 0, 0, 0, 1.0, 1.0, 0.0, 0.0, 1.0, 1.0, 1.0, 0.0, 0.0, 255.0, 1.0, 0.0, 1.0, 1.0, 0.0, 0.0, 0.0, 1.0, 1.0, negative
0.0, tcp, private, RSTR, 0.0, 0.0, 0, 0, 0, 0.0, 0, 0, 0.0, 0, 0, 0.0, 0.0, 0, 0, 0, 0, 0, 1.0, 1.0, 0.0, 0.0, 1.0, 1.0, 1.0, 0.0, 0.0, 255.0, 1.0, 0.0, 1.0, 1.0, 0.0, 0.0, 0.0, 1.0, 1.0, negative
0.0, tcp, private, RSTR, 0.0, 0.0, 0, 0, 0, 0.0, 0, 0, 0.0, 0, 0, 0.0, 0.0, 0, 0, 0, 0, 0, 1.0, 1.0, 0.0, 0.0, 1.0, 1.0, 1.0, 0.0, 0.0, 255.0, 1.0, 0.0, 1.0, 1.0, 0.0, 0.0, 0.0, 1.0, 1.0, negative
0.0, tcp, private, RSTR, 0.0, 0.0, 0, 0, 0, 0.0, 0, 0, 0.0, 0, 0, 0.0, 0.0, 0, 0, 0, 0, 0, 1.0, 1.0, 0.0, 0.0, 1.0, 1.0, 1.0, 0.0, 0.0, 255.0, 1.0, 0.0, 1.0, 1.0, 0.0, 0.0, 0.0, 1.0, 1.0, negative
0.0, tcp, private, RSTR, 0.0, 0.0, 0, 0, 0, 0.0, 0, 0, 0.0, 0, 0, 0.0, 0.0, 0, 0, 0, 0, 0, 1.0, 1.0, 0.0, 0.0, 1.0, 1.0, 1.0, 0.0, 0.0, 255.0, 1.0, 0.0, 1.0, 1.0, 0.0, 0.0, 0.0, 1.0, 1.0, negative
0.0, tcp, private, RSTR, 0.0, 0.0, 0, 0, 0, 0.0, 0, 0, 0.0, 0, 0, 0.0, 0.0, 0, 0, 0, 0, 0, 1.0, 1.0, 0.0, 0.0, 1.0, 1.0, 1.0, 0.0, 0.0, 255.0, 1.0, 0.0, 1.0, 1.0, 0.0, 0.0, 0.0, 1.0, 1.0, negative
0.0, tcp, private, RSTR, 0.0, 0.0, 0, 0, 0, 0.0, 0, 0, 0.0, 0, 0, 0.0, 0.0, 0, 0, 0, 0, 0, 1.0, 1.0, 0.0, 0.0, 1.0, 1.0, 1.0, 0.0, 0.0, 255.0, 1.0, 0.0, 1.0, 1.0, 0.0, 0.0, 0.0, 1.0, 1.0, negative
0.0, tcp, private, RSTR, 0.0, 0.0, 0, 0, 0, 0.0, 0, 0, 0.0, 0, 0, 0.0, 0.0, 0, 0, 0, 0, 0, 1.0, 1.0, 0.0, 0.0, 1.0, 1.0, 1.0, 0.0, 0.0, 255.0, 1.0, 0.0, 1.0, 1.0, 0.0, 0.0, 0.0, 1.0, 1.0, negative
25.0, tcp, private, RSTR, 0.0, 0.0, 0, 0, 0, 0.0, 0, 0, 0.0, 0, 0, 0.0, 0.0, 0, 0, 0, 0, 0, 1.0, 1.0, 0.0, 0.0, 1.0, 1.0, 1.0, 0.0, 0.0, 255.0, 1.0, 0.0, 1.0, 1.0, 0.0, 0.0, 0.0, 1.0, 1.0, negative
0.0, tcp, private, RSTR, 0.0, 0.0, 0, 0, 0, 0.0, 0, 0, 0.0, 0, 0, 0.0, 0.0, 0, 0, 0, 0, 0, 1.0, 1.0, 0.0, 0.0, 1.0, 1.0, 1.0, 0.0, 0.0, 255.0, 1.0, 0.0, 1.0, 1.0, 0.0, 0.0, 0.0, 1.0, 1.0, negative
0.0, tcp, private, RSTR, 0.0, 0.0, 0, 0, 0, 0.0, 0, 0, 0.0, 0, 0, 0.0, 0.0, 0, 0, 0, 0, 0, 1.0, 1.0, 0.0, 0.0, 1.0, 1.0, 1.0, 0.0, 0.0, 255.0, 1.0, 0.0, 1.0, 1.0, 0.0, 0.0, 0.0, 1.0, 1.0, negative
0.0, tcp, private, RSTR, 0.0, 0.0, 0, 0, 0, 0.0, 0, 0, 0.0, 0, 0, 0.0, 0.0, 0, 0, 0, 0, 0, 1.0, 1.0, 0.0, 0.0, 1.0, 1.0, 1.0, 0.0, 0.0, 255.0, 1.0, 0.0, 1.0, 1.0, 0.0, 0.0, 0.0, 1.0, 1.0, negative
0.0, tcp, private, RSTR, 0.0, 0.0, 0, 0, 0, 0.0, 0, 0, 0.0, 0, 0, 0.0, 0.0, 0, 0, 0, 0, 0, 1.0, 1.0, 0.0, 0.0, 1.0, 1.0, 1.0, 0.0, 0.0, 255.0, 1.0, 0.0, 1.0, 1.0, 0.0, 0.0, 0.0, 1.0, 1.0, negative
0.0, tcp, private, RSTR, 0.0, 0.0, 0, 0, 0, 0.0, 0, 0, 0.0, 0, 0, 0.0, 0.0, 0, 0, 0, 0, 0, 1.0, 1.0, 0.0, 0.0, 1.0, 1.0, 1.0, 0.0, 0.0, 255.0, 1.0, 0.0, 1.0, 1.0, 0.0, 0.0, 0.0, 1.0, 1.0, negative
0.0, tcp, private, RSTR, 0.0, 0.0, 0, 0, 0, 0.0, 0, 0, 0.0, 0, 0, 0.0, 0.0, 0, 0, 0, 0, 0, 1.0, 1.0, 0.0, 0.0, 1.0, 1.0, 1.0, 0.0, 0.0, 255.0, 1.0, 0.0, 1.0, 1.0, 0.0, 0.0, 0.0, 1.0, 1.0, negative
0.0, tcp, private, RSTR, 0.0, 0.0, 0, 0, 0, 0.0, 0, 0, 0.0, 0, 0, 0.0, 0.0, 0, 0, 0, 0, 0, 1.0, 1.0, 0.0, 0.0, 1.0, 1.0, 1.0, 0.0, 0.0, 255.0, 1.0, 0.0, 1.0, 1.0, 0.0, 0.0, 0.0, 0.99, 1.0, negative
0.0, tcp, private, RSTR, 0.0, 0.0, 0, 0, 0, 0.0, 0, 0, 0.0, 0, 0, 0.0, 0.0, 0, 0, 0, 0, 0, 1.0, 1.0, 0.0, 0.0, 1.0, 1.0, 1.0, 0.0, 0.0, 255.0, 1.0, 0.0, 1.0, 1.0, 0.0, 0.0, 0.0, 0.99, 1.0, negative
4.0, tcp, whois, RSTR, 0.0, 0.0, 0, 0, 0, 0.0, 0, 0, 0.0, 0, 0, 0.0, 0.0, 0, 0, 0, 0, 0, 55.0, 2.0, 0.0, 0.0, 1.0, 1.0, 0.04, 0.55, 0.0, 255.0, 2.0, 0.01, 0.13, 0.22, 0.0, 0.0, 0.0, 0.85, 1.0, negative
0.0, tcp, private, REJ, 0.0, 0.0, 0, 0, 0, 0.0, 0, 0, 0.0, 0, 0, 0.0, 0.0, 0, 0, 0, 0, 0, 255.0, 1.0, 0.0, 0.0, 1.0, 1.0, 0.0, 0.53, 0.0, 255.0, 1.0, 0.0, 0.53, 1.0, 0.0, 0.0, 0.0, 1.0, 1.0, negative
2.0, tcp, private, RSTR, 0.0, 0.0, 0, 0, 0, 0.0, 0, 0, 0.0, 0, 0, 0.0, 0.0, 0, 0, 0, 0, 0, 365.0, 2.0, 0.0, 0.0, 1.0, 1.0, 0.01, 0.52, 0.0, 255.0, 2.0, 0.01, 0.52, 1.0, 0.0, 0.0, 0.0, 1.0, 1.0, negative
2.0, tcp, private, RSTR, 0.0, 0.0, 0, 0, 0, 0.0, 0, 0, 0.0, 0, 0, 0.0, 0.0, 0, 0, 0, 0, 0, 385.0, 2.0, 0.0, 0.0, 1.0, 1.0, 0.01, 0.52, 0.0, 255.0, 2.0, 0.01, 0.52, 1.0, 0.0, 0.0, 0.0, 1.0, 1.0, negative
2.0, tcp, private, RSTR, 0.0, 0.0, 0, 0, 0, 0.0, 0, 0, 0.0, 0, 0, 0.0, 0.0, 0, 0, 0, 0, 0, 395.0, 2.0, 0.0, 0.0, 1.0, 1.0, 0.01, 0.52, 0.0, 255.0, 2.0, 0.01, 0.52, 1.0, 0.0, 0.0, 0.0, 1.0, 1.0, negative
1.0, tcp, private, RSTR, 0.0, 0.0, 0, 0, 0, 0.0, 0, 0, 0.0, 0, 0, 0.0, 0.0, 0, 0, 0, 0, 0, 260.0, 2.0, 0.0, 0.0, 1.0, 1.0, 0.01, 0.5, 0.0, 255.0, 2.0, 0.01, 0.5, 1.0, 0.0, 0.0, 0.0, 1.0, 1.0, negative
1.0, tcp, private, RSTR, 0.0, 0.0, 0, 0, 0, 0.0, 0, 0, 0.0, 0, 0, 0.0, 0.0, 0, 0, 0, 0, 0, 270.0, 2.0, 0.0, 0.0, 1.0, 1.0, 0.01, 0.5, 0.0, 255.0, 2.0, 0.01, 0.5, 1.0, 0.0, 0.0, 0.0, 1.0, 1.0, negative
1.0, tcp, private, RSTR, 0.0, 0.0, 0, 0, 0, 0.0, 0, 0, 0.0, 0, 0, 0.0, 0.0, 0, 0, 0, 0, 0, 300.0, 2.0, 0.0, 0.0, 1.0, 1.0, 0.01, 0.5, 0.0, 255.0, 2.0, 0.01, 0.5, 1.0, 0.0, 0.0, 0.0, 1.0, 1.0, negative
1.0, tcp, private, RSTR, 0.0, 0.0, 0, 0, 0, 0.0, 0, 0, 0.0, 0, 0, 0.0, 0.0, 0, 0, 0, 0, 0, 310.0, 2.0, 0.0, 0.0, 1.0, 1.0, 0.01, 0.5, 0.0, 255.0, 2.0, 0.01, 0.5, 1.0, 0.0, 0.0, 0.0, 1.0, 1.0, negative
0.0, tcp, private, RSTR, 0.0, 0.0, 0, 0, 0, 0.0, 0, 0, 0.0, 0, 0, 0.0, 0.0, 0, 0, 0, 0, 0, 1.0, 1.0, 0.0, 0.0, 1.0, 1.0, 1.0, 0.0, 0.0, 199.0, 1.0, 0.01, 0.21, 0.4, 0.0, 0.0, 0.0, 0.4, 1.0, negative
0.0, tcp, private, RSTR, 0.0, 0.0, 0, 0, 0, 0.0, 0, 0, 0.0, 0, 0, 0.0, 0.0, 0, 0, 0, 0, 0, 1.0, 1.0, 0.0, 0.0, 1.0, 1.0, 1.0, 0.0, 0.0, 209.0, 1.0, 0.0, 0.22, 0.43, 0.0, 0.0, 0.0, 0.43, 1.0, negative
0.0, tcp, private, RSTR, 0.0, 0.0, 0, 0, 0, 0.0, 0, 0, 0.0, 0, 0, 0.0, 0.0, 0, 0, 0, 0, 0, 1.0, 1.0, 0.0, 0.0, 1.0, 1.0, 1.0, 0.0, 0.0, 229.0, 1.0, 0.0, 0.24, 0.48, 0.0, 0.0, 0.0, 0.48, 1.0, negative
0.0, tcp, gopher, RSTR, 0.0, 0.0, 0, 0, 0, 0.0, 0, 0, 0.0, 0, 0, 0.0, 0.0, 0, 0, 0, 0, 0, 1.0, 1.0, 0.0, 0.0, 1.0, 1.0, 1.0, 0.0, 0.0, 255.0, 1.0, 0.0, 0.28, 0.55, 0.0, 0.0, 0.0, 0.55, 1.0, negative
41065.0, tcp, http, RSTR, 1.0, 0.0, 0, 0, 0, 0.0, 0, 0, 0.0, 0, 0, 0.0, 0.0, 0, 0, 0, 0, 0, 2.0, 3.0, 0.0, 0.0, 1.0, 1.0, 1.0, 0.0, 0.67, 255.0, 2.0, 0.01, 0.32, 0.62, 0.0, 0.0, 0.0, 0.62, 1.0, negative
40806.0, tcp, private, RSTR, 1.0, 0.0, 0, 0, 0, 0.0, 0, 0, 0.0, 0, 0, 0.0, 0.0, 0, 0, 0, 0, 0, 2.0, 2.0, 0.0, 0.0, 1.0, 1.0, 1.0, 0.0, 0.0, 255.0, 2.0, 0.01, 0.36, 0.7, 0.0, 0.0, 0.0, 0.7, 1.0, negative
40448.0, tcp, csnet_ns, RSTR, 1.0, 0.0, 0, 0, 0, 0.0, 0, 0, 0.0, 0, 0, 0.0, 0.0, 0, 0, 0, 0, 0, 2.0, 2.0, 0.0, 0.0, 1.0, 1.0, 1.0, 0.0, 0.0, 255.0, 2.0, 0.01, 0.42, 0.82, 0.0, 0.0, 0.0, 0.82, 1.0, negative
0.0, tcp, private, RSTR, 0.0, 0.0, 0, 0, 0, 0.0, 0, 0, 0.0, 0, 0, 0.0, 0.0, 0, 0, 0, 0, 0, 1.0, 1.0, 0.0, 0.0, 1.0, 1.0, 1.0, 0.0, 0.0, 255.0, 1.0, 0.0, 0.49, 0.97, 0.0, 0.0, 0.0, 0.97, 1.0, negative
0.0, tcp, private, RSTR, 0.0, 0.0, 0, 0, 0, 0.0, 0, 0, 0.0, 0, 0, 0.0, 0.0, 0, 0, 0, 0, 0, 1.0, 1.0, 0.0, 0.0, 1.0, 1.0, 1.0, 0.0, 0.0, 255.0, 1.0, 0.0, 0.5, 1.0, 0.0, 0.0, 0.0, 1.0, 1.0, negative
0.0, tcp, private, RSTR, 0.0, 0.0, 0, 0, 0, 0.0, 0, 0, 0.0, 0, 0, 0.0, 0.0, 0, 0, 0, 0, 0, 1.0, 1.0, 0.0, 0.0, 1.0, 1.0, 1.0, 0.0, 0.0, 255.0, 1.0, 0.0, 0.51, 1.0, 0.0, 0.0, 0.0, 1.0, 1.0, negative
0.0, tcp, private, RSTR, 0.0, 0.0, 0, 0, 0, 0.0, 0, 0, 0.0, 0, 0, 0.0, 0.0, 0, 0, 0, 0, 0, 1.0, 1.0, 0.0, 0.0, 1.0, 1.0, 1.0, 0.0, 0.0, 255.0, 1.0, 0.0, 0.51, 1.0, 0.0, 0.0, 0.0, 1.0, 1.0, negative
0.0, tcp, private, RSTR, 0.0, 0.0, 0, 0, 0, 0.0, 0, 0, 0.0, 0, 0, 0.0, 0.0, 0, 0, 0, 0, 0, 1.0, 1.0, 0.0, 0.0, 1.0, 1.0, 1.0, 0.0, 0.0, 255.0, 1.0, 0.0, 0.51, 1.0, 0.0, 0.0, 0.0, 1.0, 1.0, negative
0.0, tcp, private, RSTR, 0.0, 0.0, 0, 0, 0, 0.0, 0, 0, 0.0, 0, 0, 0.0, 0.0, 0, 0, 0, 0, 0, 1.0, 1.0, 0.0, 0.0, 1.0, 1.0, 1.0, 0.0, 0.0, 255.0, 1.0, 0.0, 0.51, 1.0, 0.0, 0.0, 0.0, 1.0, 1.0, negative
36674.0, tcp, private, RSTR, 1.0, 0.0, 0, 0, 0, 0.0, 0, 0, 0.0, 0, 0, 0.0, 0.0, 0, 0, 0, 0, 0, 2.0, 2.0, 0.0, 0.0, 1.0, 1.0, 1.0, 0.0, 0.0, 255.0, 2.0, 0.01, 0.5, 1.0, 0.0, 0.0, 0.0, 1.0, 1.0, negative
36467.0, tcp, private, RSTR, 1.0, 0.0, 0, 0, 0, 0.0, 0, 0, 0.0, 0, 0, 0.0, 0.0, 0, 0, 0, 0, 0, 2.0, 2.0, 0.0, 0.0, 1.0, 1.0, 1.0, 0.0, 0.0, 255.0, 2.0, 0.01, 0.5, 1.0, 0.0, 0.0, 0.0, 1.0, 1.0, negative
0.0, tcp, private, RSTR, 0.0, 0.0, 0, 0, 0, 0.0, 0, 0, 0.0, 0, 0, 0.0, 0.0, 0, 0, 0, 0, 0, 1.0, 1.0, 0.0, 0.0, 1.0, 1.0, 1.0, 0.0, 0.0, 255.0, 1.0, 0.0, 0.55, 1.0, 0.0, 0.0, 0.0, 1.0, 1.0, negative
0.0, tcp, private, RSTR, 0.0, 0.0, 0, 0, 0, 0.0, 0, 0, 0.0, 0, 0, 0.0, 0.0, 0, 0, 0, 0, 0, 1.0, 1.0, 0.0, 0.0, 1.0, 1.0, 1.0, 0.0, 0.0, 255.0, 1.0, 0.0, 0.63, 1.0, 0.0, 0.0, 0.0, 1.0, 1.0, negative
0.0, tcp, private, RSTR, 0.0, 0.0, 0, 0, 0, 0.0, 0, 0, 0.0, 0, 0, 0.0, 0.0, 0, 0, 0, 0, 0, 1.0, 1.0, 0.0, 0.0, 1.0, 1.0, 1.0, 0.0, 0.0, 255.0, 1.0, 0.0, 0.73, 1.0, 0.0, 0.0, 0.0, 1.0, 1.0, negative
0.0, tcp, private, RSTR, 0.0, 0.0, 0, 0, 0, 0.0, 0, 0, 0.0, 0, 0, 0.0, 0.0, 0, 0, 0, 0, 0, 1.0, 1.0, 0.0, 0.0, 1.0, 1.0, 1.0, 0.0, 0.0, 255.0, 1.0, 0.0, 0.79, 1.0, 0.0, 0.0, 0.0, 1.0, 1.0, negative
4.0, tcp, private, RSTR, 0.0, 0.0, 0, 0, 0, 0.0, 0, 0, 0.0, 0, 0, 0.0, 0.0, 0, 0, 0, 0, 0, 1.0, 1.0, 0.0, 0.0, 1.0, 1.0, 1.0, 0.0, 0.0, 255.0, 1.0, 0.0, 0.81, 1.0, 0.0, 0.0, 0.0, 1.0, 1.0, negative
31501.0, tcp, private, RSTR, 1.0, 0.0, 0, 0, 0, 0.0, 0, 0, 0.0, 0, 0, 0.0, 0.0, 0, 0, 0, 0, 0, 2.0, 2.0, 0.0, 0.0, 1.0, 1.0, 1.0, 0.0, 0.0, 255.0, 2.0, 0.01, 0.82, 1.0, 0.0, 0.0, 0.0, 1.0, 1.0, negative
31194.0, tcp, private, RSTR, 1.0, 0.0, 0, 0, 0, 0.0, 0, 0, 0.0, 0, 0, 0.0, 0.0, 0, 0, 0, 0, 0, 2.0, 2.0, 0.0, 0.0, 1.0, 1.0, 1.0, 0.0, 0.0, 255.0, 2.0, 0.01, 0.8, 1.0, 0.0, 0.0, 0.0, 1.0, 1.0, negative
31061.0, tcp, private, RSTR, 1.0, 0.0, 0, 0, 0, 0.0, 0, 0, 0.0, 0, 0, 0.0, 0.0, 0, 0, 0, 0, 0, 2.0, 2.0, 0.0, 0.0, 1.0, 1.0, 1.0, 0.0, 0.0, 255.0, 2.0, 0.01, 0.78, 1.0, 0.0, 0.0, 0.0, 1.0, 1.0, negative
30317.0, tcp, private, RSTR, 1.0, 0.0, 0, 0, 0, 0.0, 0, 0, 0.0, 0, 0, 0.0, 0.0, 0, 0, 0, 0, 0, 2.0, 2.0, 0.0, 0.0, 1.0, 1.0, 1.0, 0.0, 0.0, 255.0, 2.0, 0.01, 0.66, 1.0, 0.0, 0.0, 0.0, 1.0, 1.0, negative
30217.0, tcp, private, RSTR, 1.0, 0.0, 0, 0, 0, 0.0, 0, 0, 0.0, 0, 0, 0.0, 0.0, 0, 0, 0, 0, 0, 2.0, 2.0, 0.0, 0.0, 1.0, 1.0, 1.0, 0.0, 0.0, 255.0, 2.0, 0.01, 0.64, 1.0, 0.0, 0.0, 0.0, 1.0, 1.0, negative
0.0, tcp, private, RSTR, 0.0, 0.0, 0, 0, 0, 0.0, 0, 0, 0.0, 0, 0, 0.0, 0.0, 0, 0, 0, 0, 0, 1.0, 1.0, 0.0, 0.0, 1.0, 1.0, 1.0, 0.0, 0.0, 255.0, 1.0, 0.0, 0.62, 1.0, 0.0, 0.0, 0.0, 1.0, 1.0, negative
0.0, tcp, private, RSTR, 0.0, 0.0, 0, 0, 0, 0.0, 0, 0, 0.0, 0, 0, 0.0, 0.0, 0, 0, 0, 0, 0, 1.0, 1.0, 0.0, 0.0, 1.0, 1.0, 1.0, 0.0, 0.0, 255.0, 1.0, 0.0, 0.62, 1.0, 0.0, 0.0, 0.0, 1.0, 1.0, negative
0.0, tcp, private, RSTR, 0.0, 0.0, 0, 0, 0, 0.0, 0, 0, 0.0, 0, 0, 0.0, 0.0, 0, 0, 0, 0, 0, 1.0, 1.0, 0.0, 0.0, 1.0, 1.0, 1.0, 0.0, 0.0, 255.0, 1.0, 0.0, 0.63, 1.0, 0.0, 0.0, 0.0, 1.0, 1.0, negative
0.0, tcp, private, RSTR, 0.0, 0.0, 0, 0, 0, 0.0, 0, 0, 0.0, 0, 0, 0.0, 0.0, 0, 0, 0, 0, 0, 1.0, 1.0, 0.0, 0.0, 1.0, 1.0, 1.0, 0.0, 0.0, 255.0, 1.0, 0.0, 0.66, 1.0, 0.0, 0.0, 0.0, 1.0, 1.0, negative
0.0, tcp, private, RSTR, 0.0, 0.0, 0, 0, 0, 0.0, 0, 0, 0.0, 0, 0, 0.0, 0.0, 0, 0, 0, 0, 0, 1.0, 1.0, 0.0, 0.0, 1.0, 1.0, 1.0, 0.0, 0.0, 255.0, 1.0, 0.0, 0.73, 1.0, 0.0, 0.0, 0.0, 1.0, 1.0, negative
0.0, tcp, private, RSTR, 0.0, 0.0, 0, 0, 0, 0.0, 0, 0, 0.0, 0, 0, 0.0, 0.0, 0, 0, 0, 0, 0, 1.0, 1.0, 0.0, 0.0, 1.0, 1.0, 1.0, 0.0, 0.0, 255.0, 1.0, 0.0, 0.74, 1.0, 0.0, 0.0, 0.0, 1.0, 1.0, negative
0.0, tcp, private, RSTR, 0.0, 0.0, 0, 0, 0, 0.0, 0, 0, 0.0, 0, 0, 0.0, 0.0, 0, 0, 0, 0, 0, 1.0, 1.0, 0.0, 0.0, 1.0, 1.0, 1.0, 0.0, 0.0, 255.0, 1.0, 0.0, 0.74, 1.0, 0.0, 0.0, 0.0, 1.0, 1.0, negative
0.0, tcp, private, RSTR, 0.0, 0.0, 0, 0, 0, 0.0, 0, 0, 0.0, 0, 0, 0.0, 0.0, 0, 0, 0, 0, 0, 1.0, 1.0, 0.0, 0.0, 1.0, 1.0, 1.0, 0.0, 0.0, 255.0, 1.0, 0.0, 0.73, 1.0, 0.0, 0.0, 0.0, 1.0, 1.0, negative
0.0, tcp, private, RSTR, 0.0, 0.0, 0, 0, 0, 0.0, 0, 0, 0.0, 0, 0, 0.0, 0.0, 0, 0, 0, 0, 0, 1.0, 1.0, 0.0, 0.0, 1.0, 1.0, 1.0, 0.0, 0.0, 255.0, 1.0, 0.0, 0.62, 1.0, 0.0, 0.0, 0.0, 1.0, 1.0, negative
0.0, tcp, private, RSTR, 0.0, 0.0, 0, 0, 0, 0.0, 0, 0, 0.0, 0, 0, 0.0, 0.0, 0, 0, 0, 0, 0, 1.0, 1.0, 0.0, 0.0, 1.0, 1.0, 1.0, 0.0, 0.0, 255.0, 1.0, 0.0, 0.64, 1.0, 0.0, 0.0, 0.0, 1.0, 1.0, negative
0.0, tcp, private, RSTR, 0.0, 0.0, 0, 0, 0, 0.0, 0, 0, 0.0, 0, 0, 0.0, 0.0, 0, 0, 0, 0, 0, 1.0, 1.0, 0.0, 0.0, 1.0, 1.0, 1.0, 0.0, 0.0, 255.0, 1.0, 0.0, 0.69, 1.0, 0.0, 0.0, 0.0, 1.0, 1.0, negative
0.0, tcp, private, RSTR, 0.0, 0.0, 0, 0, 0, 0.0, 0, 0, 0.0, 0, 0, 0.0, 0.0, 0, 0, 0, 0, 0, 1.0, 1.0, 0.0, 0.0, 1.0, 1.0, 1.0, 0.0, 0.0, 255.0, 1.0, 0.0, 0.71, 1.0, 0.0, 0.0, 0.0, 1.0, 1.0, negative
3.0, tcp, private, RSTR, 0.0, 0.0, 0, 0, 0, 0.0, 0, 0, 0.0, 0, 0, 0.0, 0.0, 0, 0, 0, 0, 0, 2.0, 2.0, 0.0, 0.0, 1.0, 1.0, 1.0, 0.0, 0.0, 255.0, 2.0, 0.01, 0.73, 1.0, 0.0, 0.0, 0.0, 1.0, 1.0, negative
21987.0, tcp, private, RSTR, 1.0, 0.0, 0, 0, 0, 0.0, 0, 0, 0.0, 0, 0, 0.0, 0.0, 0, 0, 0, 0, 0, 2.0, 2.0, 0.0, 0.0, 1.0, 1.0, 1.0, 0.0, 0.0, 255.0, 2.0, 0.01, 0.73, 1.0, 0.0, 0.0, 0.0, 1.0, 1.0, negative
21661.0, tcp, private, RSTR, 1.0, 0.0, 0, 0, 0, 0.0, 0, 0, 0.0, 0, 0, 0.0, 0.0, 0, 0, 0, 0, 0, 2.0, 2.0, 0.0, 0.0, 1.0, 1.0, 1.0, 0.0, 0.0, 255.0, 2.0, 0.01, 0.73, 1.0, 0.0, 0.0, 0.0, 1.0, 1.0, negative
21123.0, tcp, private, RSTR, 1.0, 0.0, 0, 0, 0, 0.0, 0, 0, 0.0, 0, 0, 0.0, 0.0, 0, 0, 0, 0, 0, 2.0, 2.0, 0.0, 0.0, 1.0, 1.0, 1.0, 0.0, 0.0, 255.0, 2.0, 0.01, 0.64, 1.0, 0.0, 0.0, 0.0, 1.0, 1.0, negative
0.0, tcp, other, RSTR, 0.0, 0.0, 0, 0, 0, 0.0, 0, 0, 0.0, 0, 0, 0.0, 0.0, 0, 0, 0, 0, 0, 1.0, 1.0, 0.0, 0.0, 1.0, 1.0, 1.0, 0.0, 0.0, 255.0, 1.0, 0.0, 0.72, 1.0, 0.0, 0.0, 0.0, 1.0, 1.0, negative
0.0, tcp, other, RSTR, 0.0, 0.0, 0, 0, 0, 0.0, 0, 0, 0.0, 0, 0, 0.0, 0.0, 0, 0, 0, 0, 0, 1.0, 1.0, 0.0, 0.0, 1.0, 1.0, 1.0, 0.0, 0.0, 255.0, 1.0, 0.0, 0.73, 1.0, 0.0, 0.0, 0.0, 1.0, 1.0, negative
0.0, tcp, other, RSTR, 0.0, 0.0, 0, 0, 0, 0.0, 0, 0, 0.0, 0, 0, 0.0, 0.0, 0, 0, 0, 0, 0, 1.0, 1.0, 0.0, 0.0, 1.0, 1.0, 1.0, 0.0, 0.0, 255.0, 1.0, 0.0, 0.73, 1.0, 0.0, 0.0, 0.0, 1.0, 1.0, negative
0.0, tcp, other, RSTR, 0.0, 0.0, 0, 0, 0, 0.0, 0, 0, 0.0, 0, 0, 0.0, 0.0, 0, 0, 0, 0, 0, 1.0, 1.0, 0.0, 0.0, 1.0, 1.0, 1.0, 0.0, 0.0, 255.0, 1.0, 0.0, 0.73, 1.0, 0.0, 0.0, 0.0, 1.0, 1.0, negative
0.0, tcp, other, RSTR, 0.0, 0.0, 0, 0, 0, 0.0, 0, 0, 0.0, 0, 0, 0.0, 0.0, 0, 0, 0, 0, 0, 1.0, 1.0, 0.0, 0.0, 1.0, 1.0, 1.0, 0.0, 0.0, 255.0, 1.0, 0.0, 0.73, 1.0, 0.0, 0.0, 0.0, 1.0, 1.0, negative
0.0, tcp, other, RSTR, 0.0, 0.0, 0, 0, 0, 0.0, 0, 0, 0.0, 0, 0, 0.0, 0.0, 0, 0, 0, 0, 0, 1.0, 1.0, 0.0, 0.0, 1.0, 1.0, 1.0, 0.0, 0.0, 255.0, 1.0, 0.0, 0.62, 1.0, 0.0, 0.0, 0.0, 1.0, 1.0, negative
0.0, tcp, other, RSTR, 0.0, 0.0, 0, 0, 0, 0.0, 0, 0, 0.0, 0, 0, 0.0, 0.0, 0, 0, 0, 0, 0, 1.0, 1.0, 0.0, 0.0, 1.0, 1.0, 1.0, 0.0, 0.0, 255.0, 1.0, 0.0, 0.62, 1.0, 0.0, 0.0, 0.0, 1.0, 1.0, negative
0.0, tcp, other, RSTR, 0.0, 0.0, 0, 0, 0, 0.0, 0, 0, 0.0, 0, 0, 0.0, 0.0, 0, 0, 0, 0, 0, 1.0, 1.0, 0.0, 0.0, 1.0, 1.0, 1.0, 0.0, 0.0, 255.0, 1.0, 0.0, 0.68, 1.0, 0.0, 0.0, 0.0, 1.0, 1.0, negative
14319.0, tcp, other, RSTR, 1.0, 0.0, 0, 0, 0, 0.0, 0, 0, 0.0, 0, 0, 0.0, 0.0, 0, 0, 0, 0, 0, 2.0, 2.0, 0.0, 0.0, 1.0, 1.0, 1.0, 0.0, 0.0, 255.0, 2.0, 0.01, 0.68, 1.0, 0.0, 0.0, 0.0, 1.0, 1.0, negative
13241.0, tcp, other, RSTR, 1.0, 0.0, 0, 0, 0, 0.0, 0, 0, 0.0, 0, 0, 0.0, 0.0, 0, 0, 0, 0, 0, 2.0, 2.0, 0.0, 0.0, 1.0, 1.0, 1.0, 0.0, 0.0, 255.0, 2.0, 0.01, 0.68, 1.0, 0.0, 0.0, 0.0, 1.0, 1.0, negative
0.0, tcp, other, RSTR, 0.0, 0.0, 0, 0, 0, 0.0, 0, 0, 0.0, 0, 0, 0.0, 0.0, 0, 0, 0, 0, 0, 1.0, 1.0, 0.0, 0.0, 1.0, 1.0, 1.0, 0.0, 0.0, 255.0, 1.0, 0.0, 0.64, 1.0, 0.0, 0.0, 0.0, 1.0, 1.0, negative
0.0, tcp, other, RSTR, 0.0, 0.0, 0, 0, 0, 0.0, 0, 0, 0.0, 0, 0, 0.0, 0.0, 0, 0, 0, 0, 0, 1.0, 1.0, 0.0, 0.0, 1.0, 1.0, 1.0, 0.0, 0.0, 255.0, 1.0, 0.0, 0.62, 1.0, 0.0, 0.0, 0.0, 1.0, 1.0, negative
0.0, tcp, other, RSTR, 0.0, 0.0, 0, 0, 0, 0.0, 0, 0, 0.0, 0, 0, 0.0, 0.0, 0, 0, 0, 0, 0, 1.0, 1.0, 0.0, 0.0, 1.0, 1.0, 1.0, 0.0, 0.0, 255.0, 1.0, 0.0, 0.74, 1.0, 0.0, 0.0, 0.0, 1.0, 1.0, negative
0.0, tcp, other, RSTR, 0.0, 0.0, 0, 0, 0, 0.0, 0, 0, 0.0, 0, 0, 0.0, 0.0, 0, 0, 0, 0, 0, 1.0, 1.0, 0.0, 0.0, 1.0, 1.0, 1.0, 0.0, 0.0, 255.0, 1.0, 0.0, 0.74, 1.0, 0.0, 0.0, 0.0, 1.0, 1.0, negative
0.0, tcp, other, RSTR, 0.0, 0.0, 0, 0, 0, 0.0, 0, 0, 0.0, 0, 0, 0.0, 0.0, 0, 0, 0, 0, 0, 1.0, 1.0, 0.0, 0.0, 1.0, 1.0, 1.0, 0.0, 0.0, 255.0, 1.0, 0.0, 0.71, 1.0, 0.0, 0.0, 0.0, 1.0, 1.0, negative
0.0, tcp, other, RSTR, 0.0, 0.0, 0, 0, 0, 0.0, 0, 0, 0.0, 0, 0, 0.0, 0.0, 0, 0, 0, 0, 0, 1.0, 1.0, 0.0, 0.0, 1.0, 1.0, 1.0, 0.0, 0.0, 255.0, 1.0, 0.0, 0.63, 1.0, 0.0, 0.0, 0.0, 1.0, 1.0, negative
0.0, tcp, other, RSTR, 0.0, 0.0, 0, 0, 0, 0.0, 0, 0, 0.0, 0, 0, 0.0, 0.0, 0, 0, 0, 0, 0, 1.0, 1.0, 0.0, 0.0, 1.0, 1.0, 1.0, 0.0, 0.0, 255.0, 1.0, 0.0, 0.73, 1.0, 0.0, 0.0, 0.0, 1.0, 1.0, negative
0.0, tcp, other, RSTR, 0.0, 0.0, 0, 0, 0, 0.0, 0, 0, 0.0, 0, 0, 0.0, 0.0, 0, 0, 0, 0, 0, 1.0, 1.0, 0.0, 0.0, 1.0, 1.0, 1.0, 0.0, 0.0, 255.0, 1.0, 0.0, 0.67, 1.0, 0.0, 0.0, 0.0, 1.0, 1.0, negative
0.0, tcp, other, RSTR, 0.0, 0.0, 0, 0, 0, 0.0, 0, 0, 0.0, 0, 0, 0.0, 0.0, 0, 0, 0, 0, 0, 1.0, 1.0, 0.0, 0.0, 1.0, 1.0, 1.0, 0.0, 0.0, 255.0, 1.0, 0.0, 0.62, 1.0, 0.0, 0.0, 0.0, 1.0, 1.0, negative
1031.0, tcp, other, RSTR, 1.0, 0.0, 0, 0, 0, 0.0, 0, 0, 0.0, 0, 0, 0.0, 0.0, 0, 0, 0, 0, 0, 2.0, 2.0, 0.0, 0.0, 1.0, 1.0, 1.0, 0.0, 0.0, 255.0, 2.0, 0.01, 0.73, 1.0, 0.0, 0.0, 0.0, 1.0, 1.0, negative
731.0, tcp, other, RSTR, 1.0, 0.0, 0, 0, 0, 0.0, 0, 0, 0.0, 0, 0, 0.0, 0.0, 0, 0, 0, 0, 0, 2.0, 2.0, 0.0, 0.0, 1.0, 1.0, 1.0, 0.0, 0.0, 255.0, 2.0, 0.01, 0.73, 1.0, 0.0, 0.0, 0.0, 1.0, 1.0, negative
519.0, tcp, other, RSTR, 1.0, 0.0, 0, 0, 0, 0.0, 0, 0, 0.0, 0, 0, 0.0, 0.0, 0, 0, 0, 0, 0, 2.0, 2.0, 0.0, 0.0, 1.0, 1.0, 1.0, 0.0, 0.0, 255.0, 2.0, 0.01, 0.73, 1.0, 0.0, 0.0, 0.0, 1.0, 1.0, negative
419.0, tcp, other, RSTR, 1.0, 0.0, 0, 0, 0, 0.0, 0, 0, 0.0, 0, 0, 0.0, 0.0, 0, 0, 0, 0, 0, 2.0, 2.0, 0.0, 0.0, 1.0, 1.0, 1.0, 0.0, 0.0, 255.0, 2.0, 0.01, 0.73, 1.0, 0.0, 0.0, 0.0, 1.0, 1.0, negative
0.0, tcp, private, REJ, 0.0, 0.0, 0, 0, 0, 0.0, 0, 0, 0.0, 0, 0, 0.0, 0.0, 0, 0, 0, 0, 0, 1.0, 1.0, 0.0, 0.0, 1.0, 1.0, 1.0, 0.0, 0.0, 255.0, 1.0, 0.0, 0.67, 0.65, 0.0, 0.0, 0.0, 0.65, 1.0, negative
0.0, tcp, private, REJ, 0.0, 0.0, 0, 0, 0, 0.0, 0, 0, 0.0, 0, 0, 0.0, 0.0, 0, 0, 0, 0, 0, 2.0, 1.0, 0.0, 0.0, 1.0, 1.0, 0.5, 1.0, 0.0, 255.0, 1.0, 0.0, 0.79, 0.77, 0.0, 0.0, 0.0, 0.77, 1.0, negative
0.0, tcp, private, REJ, 0.0, 0.0, 0, 0, 0, 0.0, 0, 0, 0.0, 0, 0, 0.0, 0.0, 0, 0, 0, 0, 0, 2.0, 1.0, 0.0, 0.0, 1.0, 1.0, 0.5, 1.0, 0.0, 255.0, 1.0, 0.0, 0.98, 0.97, 0.0, 0.0, 0.0, 0.97, 1.0, negative
0.0, tcp, private, REJ, 0.0, 0.0, 0, 0, 0, 0.0, 0, 0, 0.0, 0, 0, 0.0, 0.0, 0, 0, 0, 0, 0, 2.0, 1.0, 0.0, 0.0, 1.0, 1.0, 0.5, 1.0, 0.0, 255.0, 1.0, 0.0, 1.0, 1.0, 0.0, 0.0, 0.0, 1.0, 1.0, negative
0.0, tcp, private, REJ, 0.0, 0.0, 0, 0, 0, 0.0, 0, 0, 0.0, 0, 0, 0.0, 0.0, 0, 0, 0, 0, 0, 2.0, 1.0, 0.0, 0.0, 1.0, 1.0, 0.5, 1.0, 0.0, 255.0, 1.0, 0.0, 1.0, 1.0, 0.0, 0.0, 0.0, 1.0, 1.0, negative
0.0, tcp, private, REJ, 0.0, 0.0, 0, 0, 0, 0.0, 0, 0, 0.0, 0, 0, 0.0, 0.0, 0, 0, 0, 0, 0, 2.0, 1.0, 0.0, 0.0, 1.0, 1.0, 0.5, 1.0, 0.0, 255.0, 1.0, 0.0, 1.0, 1.0, 0.0, 0.0, 0.0, 1.0, 1.0, negative
0.0, tcp, private, REJ, 0.0, 0.0, 0, 0, 0, 0.0, 0, 0, 0.0, 0, 0, 0.0, 0.0, 0, 0, 0, 0, 0, 2.0, 1.0, 0.0, 0.0, 1.0, 1.0, 0.5, 1.0, 0.0, 255.0, 1.0, 0.0, 1.0, 1.0, 0.0, 0.0, 0.0, 1.0, 1.0, negative
0.0, tcp, private, REJ, 0.0, 0.0, 0, 0, 0, 0.0, 0, 0, 0.0, 0, 0, 0.0, 0.0, 0, 0, 0, 0, 0, 2.0, 1.0, 0.0, 0.0, 1.0, 1.0, 0.5, 1.0, 0.0, 255.0, 1.0, 0.0, 1.0, 1.0, 0.0, 0.0, 0.0, 1.0, 1.0, negative
0.0, tcp, private, REJ, 0.0, 0.0, 0, 0, 0, 0.0, 0, 0, 0.0, 0, 0, 0.0, 0.0, 0, 0, 0, 0, 0, 2.0, 1.0, 0.0, 0.0, 1.0, 1.0, 0.5, 1.0, 0.0, 255.0, 1.0, 0.0, 1.0, 1.0, 0.0, 0.0, 0.0, 1.0, 1.0, negative
0.0, tcp, private, REJ, 0.0, 0.0, 0, 0, 0, 0.0, 0, 0, 0.0, 0, 0, 0.0, 0.0, 0, 0, 0, 0, 0, 2.0, 1.0, 0.0, 0.0, 1.0, 1.0, 0.5, 1.0, 0.0, 255.0, 1.0, 0.0, 1.0, 1.0, 0.0, 0.0, 0.0, 1.0, 1.0, negative
0.0, tcp, private, REJ, 0.0, 0.0, 0, 0, 0, 0.0, 0, 0, 0.0, 0, 0, 0.0, 0.0, 0, 0, 0, 0, 0, 2.0, 1.0, 0.0, 0.0, 1.0, 1.0, 0.5, 1.0, 0.0, 255.0, 1.0, 0.0, 1.0, 1.0, 0.0, 0.0, 0.0, 1.0, 1.0, negative
0.0, tcp, private, REJ, 0.0, 0.0, 0, 0, 0, 0.0, 0, 0, 0.0, 0, 0, 0.0, 0.0, 0, 0, 0, 0, 0, 2.0, 1.0, 0.0, 0.0, 1.0, 1.0, 0.5, 1.0, 0.0, 255.0, 1.0, 0.0, 1.0, 1.0, 0.0, 0.0, 0.0, 1.0, 1.0, negative
0.0, tcp, private, REJ, 0.0, 0.0, 0, 0, 0, 0.0, 0, 0, 0.0, 0, 0, 0.0, 0.0, 0, 0, 0, 0, 0, 1.0, 1.0, 0.0, 0.0, 1.0, 1.0, 1.0, 0.0, 0.0, 255.0, 1.0, 0.0, 1.0, 1.0, 0.0, 0.0, 0.0, 1.0, 1.0, negative
0.0, tcp, private, REJ, 0.0, 0.0, 0, 0, 0, 0.0, 0, 0, 0.0, 0, 0, 0.0, 0.0, 0, 0, 0, 0, 0, 2.0, 1.0, 0.0, 0.0, 1.0, 1.0, 0.5, 1.0, 0.0, 255.0, 1.0, 0.0, 1.0, 1.0, 0.0, 0.0, 0.0, 1.0, 1.0, negative
0.0, tcp, private, REJ, 0.0, 0.0, 0, 0, 0, 0.0, 0, 0, 0.0, 0, 0, 0.0, 0.0, 0, 0, 0, 0, 0, 2.0, 1.0, 0.0, 0.0, 1.0, 1.0, 0.5, 1.0, 0.0, 255.0, 1.0, 0.0, 1.0, 1.0, 0.0, 0.0, 0.0, 1.0, 1.0, negative
0.0, tcp, private, REJ, 0.0, 0.0, 0, 0, 0, 0.0, 0, 0, 0.0, 0, 0, 0.0, 0.0, 0, 0, 0, 0, 0, 2.0, 1.0, 0.0, 0.0, 1.0, 1.0, 0.5, 1.0, 0.0, 255.0, 1.0, 0.0, 1.0, 1.0, 0.0, 0.0, 0.0, 1.0, 1.0, negative
0.0, tcp, private, REJ, 0.0, 0.0, 0, 0, 0, 0.0, 0, 0, 0.0, 0, 0, 0.0, 0.0, 0, 0, 0, 0, 0, 2.0, 1.0, 0.0, 0.0, 1.0, 1.0, 0.5, 1.0, 0.0, 255.0, 1.0, 0.0, 1.0, 1.0, 0.0, 0.0, 0.0, 1.0, 1.0, negative
0.0, tcp, private, REJ, 0.0, 0.0, 0, 0, 0, 0.0, 0, 0, 0.0, 0, 0, 0.0, 0.0, 0, 0, 0, 0, 0, 1.0, 1.0, 0.0, 0.0, 1.0, 1.0, 1.0, 0.0, 0.0, 255.0, 1.0, 0.0, 1.0, 1.0, 0.0, 0.0, 0.0, 1.0, 1.0, negative
0.0, tcp, private, REJ, 0.0, 0.0, 0, 0, 0, 0.0, 0, 0, 0.0, 0, 0, 0.0, 0.0, 0, 0, 0, 0, 0, 2.0, 1.0, 0.0, 0.0, 1.0, 1.0, 0.5, 1.0, 0.0, 255.0, 1.0, 0.0, 1.0, 1.0, 0.0, 0.0, 0.0, 1.0, 1.0, negative
0.0, tcp, private, REJ, 0.0, 0.0, 0, 0, 0, 0.0, 0, 0, 0.0, 0, 0, 0.0, 0.0, 0, 0, 0, 0, 0, 2.0, 1.0, 0.0, 0.0, 1.0, 1.0, 0.5, 1.0, 0.0, 255.0, 1.0, 0.0, 1.0, 1.0, 0.0, 0.0, 0.0, 1.0, 1.0, negative
0.0, tcp, private, REJ, 0.0, 0.0, 0, 0, 0, 0.0, 0, 0, 0.0, 0, 0, 0.0, 0.0, 0, 0, 0, 0, 0, 2.0, 1.0, 0.0, 0.0, 1.0, 1.0, 0.5, 1.0, 0.0, 255.0, 1.0, 0.0, 1.0, 1.0, 0.0, 0.0, 0.0, 1.0, 1.0, negative
0.0, tcp, private, REJ, 0.0, 0.0, 0, 0, 0, 0.0, 0, 0, 0.0, 0, 0, 0.0, 0.0, 0, 0, 0, 0, 0, 2.0, 1.0, 0.0, 0.0, 1.0, 1.0, 0.5, 1.0, 0.0, 255.0, 1.0, 0.0, 1.0, 1.0, 0.0, 0.0, 0.0, 1.0, 1.0, negative
0.0, icmp, ecr_i, SF, 8.0, 0.0, 0, 0, 0, 0.0, 0, 0, 0.0, 0, 0, 0.0, 0.0, 0, 0, 0, 0, 0, 1.0, 1.0, 0.0, 0.0, 0.0, 0.0, 1.0, 0.0, 0.0, 1.0, 1.0, 1.0, 0.0, 1.0, 0.0, 0.0, 0.0, 0.0, 0.0, negative
0.0, tcp, private, REJ, 0.0, 0.0, 0, 0, 0, 0.0, 0, 0, 0.0, 0, 0, 0.0, 0.0, 0, 0, 0, 0, 0, 2.0, 1.0, 0.0, 0.0, 1.0, 1.0, 0.5, 1.0, 0.0, 255.0, 1.0, 0.0, 0.11, 0.03, 0.0, 0.5, 0.0, 0.04, 1.0, negative
0.0, tcp, private, REJ, 0.0, 0.0, 0, 0, 0, 0.0, 0, 0, 0.0, 0, 0, 0.0, 0.0, 0, 0, 0, 0, 0, 2.0, 1.0, 0.0, 0.0, 1.0, 1.0, 0.5, 1.0, 0.0, 255.0, 1.0, 0.0, 0.44, 0.38, 0.0, 0.15, 0.0, 0.39, 1.0, negative
0.0, tcp, private, REJ, 0.0, 0.0, 0, 0, 0, 0.0, 0, 0, 0.0, 0, 0, 0.0, 0.0, 0, 0, 0, 0, 0, 2.0, 1.0, 0.0, 0.0, 1.0, 1.0, 0.5, 1.0, 0.0, 255.0, 1.0, 0.0, 0.62, 0.58, 0.0, 0.01, 0.0, 0.58, 1.0, negative
0.0, tcp, private, REJ, 0.0, 0.0, 0, 0, 0, 0.0, 0, 0, 0.0, 0, 0, 0.0, 0.0, 0, 0, 0, 0, 0, 1.0, 1.0, 0.0, 0.0, 1.0, 1.0, 1.0, 0.0, 0.0, 255.0, 1.0, 0.0, 1.0, 1.0, 0.0, 0.0, 0.0, 1.0, 1.0, negative
0.0, tcp, telnet, RSTO, 0.0, 0.0, 0, 0, 0, 0.0, 0, 0, 0.0, 0, 0, 0.0, 0.0, 0, 0, 0, 0, 0, 1.0, 1.0, 0.0, 0.0, 1.0, 1.0, 1.0, 0.0, 0.0, 255.0, 1.0, 0.0, 1.0, 1.0, 0.0, 0.0, 0.0, 1.0, 1.0, negative
0.0, tcp, private, REJ, 0.0, 0.0, 0, 0, 0, 0.0, 0, 0, 0.0, 0, 0, 0.0, 0.0, 0, 0, 0, 0, 0, 2.0, 1.0, 0.0, 0.0, 1.0, 1.0, 0.5, 1.0, 0.0, 255.0, 1.0, 0.0, 1.0, 1.0, 0.0, 0.0, 0.0, 1.0, 1.0, negative
0.0, tcp, private, REJ, 0.0, 0.0, 0, 0, 0, 0.0, 0, 0, 0.0, 0, 0, 0.0, 0.0, 0, 0, 0, 0, 0, 2.0, 1.0, 0.0, 0.0, 1.0, 1.0, 0.5, 1.0, 0.0, 255.0, 1.0, 0.0, 1.0, 1.0, 0.0, 0.0, 0.0, 1.0, 1.0, negative
0.0, tcp, private, REJ, 0.0, 0.0, 0, 0, 0, 0.0, 0, 0, 0.0, 0, 0, 0.0, 0.0, 0, 0, 0, 0, 0, 2.0, 1.0, 0.0, 0.0, 1.0, 1.0, 0.5, 1.0, 0.0, 255.0, 1.0, 0.0, 1.0, 1.0, 0.0, 0.0, 0.0, 1.0, 1.0, negative
0.0, tcp, private, REJ, 0.0, 0.0, 0, 0, 0, 0.0, 0, 0, 0.0, 0, 0, 0.0, 0.0, 0, 0, 0, 0, 0, 2.0, 1.0, 0.0, 0.0, 1.0, 1.0, 0.5, 1.0, 0.0, 255.0, 1.0, 0.0, 1.0, 1.0, 0.0, 0.0, 0.0, 1.0, 1.0, negative
0.0, tcp, private, REJ, 0.0, 0.0, 0, 0, 0, 0.0, 0, 0, 0.0, 0, 0, 0.0, 0.0, 0, 0, 0, 0, 0, 2.0, 1.0, 0.0, 0.0, 1.0, 1.0, 0.5, 1.0, 0.0, 255.0, 1.0, 0.0, 1.0, 1.0, 0.0, 0.0, 0.0, 1.0, 1.0, negative
0.0, tcp, whois, REJ, 0.0, 0.0, 0, 0, 0, 0.0, 0, 0, 0.0, 0, 0, 0.0, 0.0, 0, 0, 0, 0, 0, 2.0, 1.0, 0.0, 0.0, 1.0, 1.0, 0.5, 1.0, 0.0, 255.0, 1.0, 0.0, 1.0, 1.0, 0.0, 0.0, 0.0, 1.0, 1.0, negative
0.0, tcp, private, REJ, 0.0, 0.0, 0, 0, 0, 0.0, 0, 0, 0.0, 0, 0, 0.0, 0.0, 0, 0, 0, 0, 0, 2.0, 1.0, 0.0, 0.0, 1.0, 1.0, 0.5, 1.0, 0.0, 255.0, 1.0, 0.0, 1.0, 1.0, 0.0, 0.0, 0.0, 1.0, 1.0, negative
0.0, tcp, private, REJ, 0.0, 0.0, 0, 0, 0, 0.0, 0, 0, 0.0, 0, 0, 0.0, 0.0, 0, 0, 0, 0, 0, 2.0, 1.0, 0.0, 0.0, 1.0, 1.0, 0.5, 1.0, 0.0, 255.0, 1.0, 0.0, 1.0, 1.0, 0.0, 0.0, 0.0, 1.0, 1.0, negative
0.0, tcp, http, REJ, 0.0, 0.0, 0, 0, 0, 0.0, 0, 0, 0.0, 0, 0, 0.0, 0.0, 0, 0, 0, 0, 0, 2.0, 1.0, 0.0, 0.0, 1.0, 1.0, 0.5, 1.0, 0.0, 255.0, 1.0, 0.0, 1.0, 1.0, 0.0, 0.0, 0.0, 1.0, 1.0, negative
0.0, tcp, vmnet, REJ, 0.0, 0.0, 0, 0, 0, 0.0, 0, 0, 0.0, 0, 0, 0.0, 0.0, 0, 0, 0, 0, 0, 2.0, 1.0, 0.0, 0.0, 1.0, 1.0, 0.5, 1.0, 0.0, 255.0, 1.0, 0.0, 1.0, 1.0, 0.0, 0.0, 0.0, 1.0, 1.0, negative
0.0, tcp, private, REJ, 0.0, 0.0, 0, 0, 0, 0.0, 0, 0, 0.0, 0, 0, 0.0, 0.0, 0, 0, 0, 0, 0, 1.0, 1.0, 0.0, 0.0, 1.0, 1.0, 1.0, 0.0, 0.0, 255.0, 1.0, 0.0, 1.0, 1.0, 0.0, 0.02, 0.0, 0.98, 1.0, negative
36438.0, tcp, private, RSTOS0, 0.0, 0.0, 0, 0, 0, 0.0, 0, 0, 0.0, 0, 0, 0.0, 0.0, 0, 0, 0, 0, 0, 1.0, 1.0, 0.0, 0.0, 1.0, 1.0, 1.0, 0.0, 0.0, 76.0, 1.0, 0.01, 0.11, 0.05, 0.0, 0.0, 0.0, 0.05, 1.0, negative
0.0, tcp, private, RSTR, 0.0, 0.0, 0, 0, 0, 0.0, 0, 0, 0.0, 0, 0, 0.0, 0.0, 0, 0, 0, 0, 0, 1.0, 1.0, 0.0, 0.0, 1.0, 1.0, 1.0, 0.0, 0.0, 177.0, 1.0, 0.01, 0.08, 0.05, 0.0, 0.0, 0.0, 0.06, 1.0, negative
0.0, tcp, private, RSTR, 0.0, 0.0, 0, 0, 0, 0.0, 0, 0, 0.0, 0, 0, 0.0, 0.0, 0, 0, 0, 0, 0, 1.0, 1.0, 0.0, 0.0, 1.0, 1.0, 1.0, 0.0, 0.0, 187.0, 1.0, 0.01, 0.13, 0.1, 0.0, 0.0, 0.0, 0.11, 1.0, negative
0.0, tcp, private, RSTR, 0.0, 0.0, 0, 0, 0, 0.0, 0, 0, 0.0, 0, 0, 0.0, 0.0, 0, 0, 0, 0, 0, 1.0, 1.0, 0.0, 0.0, 1.0, 1.0, 1.0, 0.0, 0.0, 217.0, 1.0, 0.0, 0.25, 0.23, 0.0, 0.0, 0.0, 0.24, 1.0, negative
0.0, tcp, private, RSTR, 0.0, 0.0, 0, 0, 0, 0.0, 0, 0, 0.0, 0, 0, 0.0, 0.0, 0, 0, 0, 0, 0, 1.0, 1.0, 0.0, 0.0, 1.0, 1.0, 1.0, 0.0, 0.0, 255.0, 1.0, 0.0, 0.67, 0.66, 0.0, 0.0, 0.0, 0.67, 1.0, negative
0.0, tcp, private, RSTR, 0.0, 0.0, 0, 0, 0, 0.0, 0, 0, 0.0, 0, 0, 0.0, 0.0, 0, 0, 0, 0, 0, 1.0, 1.0, 0.0, 0.0, 1.0, 1.0, 1.0, 0.0, 0.0, 255.0, 1.0, 0.0, 1.0, 1.0, 0.0, 0.0, 0.0, 1.0, 1.0, negative
0.0, tcp, private, RSTR, 0.0, 0.0, 0, 0, 0, 0.0, 0, 0, 0.0, 0, 0, 0.0, 0.0, 0, 0, 0, 0, 0, 1.0, 1.0, 0.0, 0.0, 1.0, 1.0, 1.0, 0.0, 0.0, 255.0, 1.0, 0.0, 1.0, 1.0, 0.0, 0.0, 0.0, 1.0, 1.0, negative
0.0, tcp, private, RSTR, 0.0, 0.0, 0, 0, 0, 0.0, 0, 0, 0.0, 0, 0, 0.0, 0.0, 0, 0, 0, 0, 0, 1.0, 1.0, 0.0, 0.0, 1.0, 1.0, 1.0, 0.0, 0.0, 255.0, 1.0, 0.0, 1.0, 1.0, 0.0, 0.0, 0.0, 1.0, 1.0, negative
0.0, tcp, private, RSTR, 0.0, 0.0, 0, 0, 0, 0.0, 0, 0, 0.0, 0, 0, 0.0, 0.0, 0, 0, 0, 0, 0, 1.0, 1.0, 0.0, 0.0, 1.0, 1.0, 1.0, 0.0, 0.0, 255.0, 1.0, 0.0, 1.0, 1.0, 0.0, 0.0, 0.0, 1.0, 1.0, negative
0.0, tcp, private, RSTR, 0.0, 0.0, 0, 0, 0, 0.0, 0, 0, 0.0, 0, 0, 0.0, 0.0, 0, 0, 0, 0, 0, 1.0, 1.0, 0.0, 0.0, 1.0, 1.0, 1.0, 0.0, 0.0, 255.0, 1.0, 0.0, 1.0, 1.0, 0.0, 0.0, 0.0, 1.0, 1.0, negative
9.0, tcp, private, RSTR, 0.0, 0.0, 0, 0, 0, 0.0, 0, 0, 0.0, 0, 0, 0.0, 0.0, 0, 0, 0, 0, 0, 1.0, 1.0, 0.0, 0.0, 1.0, 1.0, 1.0, 0.0, 0.0, 255.0, 1.0, 0.0, 1.0, 1.0, 0.0, 0.0, 0.0, 1.0, 1.0, negative
17.0, tcp, private, RSTR, 0.0, 0.0, 0, 0, 0, 0.0, 0, 0, 0.0, 0, 0, 0.0, 0.0, 0, 0, 0, 0, 0, 1.0, 1.0, 0.0, 0.0, 1.0, 1.0, 1.0, 0.0, 0.0, 255.0, 1.0, 0.0, 1.0, 1.0, 0.0, 0.0, 0.0, 1.0, 1.0, negative
0.0, tcp, other, RSTR, 0.0, 0.0, 0, 0, 0, 0.0, 0, 0, 0.0, 0, 0, 0.0, 0.0, 0, 0, 0, 0, 0, 1.0, 1.0, 0.0, 0.0, 1.0, 1.0, 1.0, 0.0, 0.0, 255.0, 1.0, 0.0, 1.0, 1.0, 0.0, 0.0, 0.0, 1.0, 1.0, negative
0.0, tcp, other, RSTR, 0.0, 0.0, 0, 0, 0, 0.0, 0, 0, 0.0, 0, 0, 0.0, 0.0, 0, 0, 0, 0, 0, 1.0, 1.0, 0.0, 0.0, 1.0, 1.0, 1.0, 0.0, 0.0, 255.0, 1.0, 0.0, 1.0, 1.0, 0.0, 0.0, 0.0, 1.0, 1.0, negative
0.0, tcp, link, RSTR, 0.0, 0.0, 0, 0, 0, 0.0, 0, 0, 0.0, 0, 0, 0.0, 0.0, 0, 0, 0, 0, 0, 1.0, 1.0, 0.0, 0.0, 1.0, 1.0, 1.0, 0.0, 0.0, 255.0, 1.0, 0.0, 1.0, 1.0, 0.0, 0.0, 0.0, 1.0, 1.0, negative
0.0, tcp, other, RSTR, 0.0, 0.0, 0, 0, 0, 0.0, 0, 0, 0.0, 0, 0, 0.0, 0.0, 0, 0, 0, 0, 0, 1.0, 1.0, 0.0, 0.0, 1.0, 1.0, 1.0, 0.0, 0.0, 255.0, 1.0, 0.0, 1.0, 1.0, 0.0, 0.0, 0.0, 1.0, 1.0, negative
0.0, tcp, other, RSTR, 0.0, 0.0, 0, 0, 0, 0.0, 0, 0, 0.0, 0, 0, 0.0, 0.0, 0, 0, 0, 0, 0, 1.0, 1.0, 0.0, 0.0, 1.0, 1.0, 1.0, 0.0, 0.0, 255.0, 1.0, 0.0, 1.0, 1.0, 0.0, 0.0, 0.0, 1.0, 1.0, negative
0.0, tcp, other, RSTR, 0.0, 0.0, 0, 0, 0, 0.0, 0, 0, 0.0, 0, 0, 0.0, 0.0, 0, 0, 0, 0, 0, 1.0, 1.0, 0.0, 0.0, 1.0, 1.0, 1.0, 0.0, 0.0, 255.0, 1.0, 0.0, 1.0, 1.0, 0.0, 0.0, 0.0, 1.0, 1.0, negative
0.0, tcp, other, RSTR, 0.0, 0.0, 0, 0, 0, 0.0, 0, 0, 0.0, 0, 0, 0.0, 0.0, 0, 0, 0, 0, 0, 1.0, 1.0, 0.0, 0.0, 1.0, 1.0, 1.0, 0.0, 0.0, 255.0, 1.0, 0.0, 1.0, 1.0, 0.0, 0.0, 0.0, 1.0, 1.0, negative
0.0, tcp, supdup, RSTR, 0.0, 0.0, 0, 0, 0, 0.0, 0, 0, 0.0, 0, 0, 0.0, 0.0, 0, 0, 0, 0, 0, 1.0, 1.0, 0.0, 0.0, 1.0, 1.0, 1.0, 0.0, 0.0, 255.0, 1.0, 0.0, 1.0, 1.0, 0.0, 0.0, 0.0, 1.0, 1.0, negative
0.0, tcp, other, RSTR, 0.0, 0.0, 0, 0, 0, 0.0, 0, 0, 0.0, 0, 0, 0.0, 0.0, 0, 0, 0, 0, 0, 1.0, 1.0, 0.0, 0.0, 1.0, 1.0, 1.0, 0.0, 0.0, 255.0, 1.0, 0.0, 1.0, 1.0, 0.0, 0.0, 0.0, 1.0, 1.0, negative
0.0, tcp, other, RSTR, 0.0, 0.0, 0, 0, 0, 0.0, 0, 0, 0.0, 0, 0, 0.0, 0.0, 0, 0, 0, 0, 0, 1.0, 1.0, 0.0, 0.0, 1.0, 1.0, 1.0, 0.0, 0.0, 255.0, 1.0, 0.0, 1.0, 1.0, 0.0, 0.0, 0.0, 1.0, 1.0, negative
0.0, tcp, other, RSTR, 0.0, 0.0, 0, 0, 0, 0.0, 0, 0, 0.0, 0, 0, 0.0, 0.0, 0, 0, 0, 0, 0, 1.0, 1.0, 0.0, 0.0, 1.0, 1.0, 1.0, 0.0, 0.0, 255.0, 1.0, 0.0, 1.0, 1.0, 0.0, 0.0, 0.0, 1.0, 1.0, negative
0.0, tcp, private, RSTR, 0.0, 0.0, 0, 0, 0, 0.0, 0, 0, 0.0, 0, 0, 0.0, 0.0, 0, 0, 0, 0, 0, 1.0, 1.0, 0.0, 0.0, 1.0, 1.0, 1.0, 0.0, 0.0, 255.0, 1.0, 0.0, 1.0, 1.0, 0.0, 0.0, 0.0, 1.0, 1.0, negative
0.0, tcp, other, RSTR, 0.0, 0.0, 0, 0, 0, 0.0, 0, 0, 0.0, 0, 0, 0.0, 0.0, 0, 0, 0, 0, 0, 1.0, 1.0, 0.0, 0.0, 1.0, 1.0, 1.0, 0.0, 0.0, 255.0, 1.0, 0.0, 1.0, 1.0, 0.0, 0.0, 0.0, 1.0, 1.0, negative
0.0, tcp, other, RSTR, 0.0, 0.0, 0, 0, 0, 0.0, 0, 0, 0.0, 0, 0, 0.0, 0.0, 0, 0, 0, 0, 0, 1.0, 1.0, 0.0, 0.0, 1.0, 1.0, 1.0, 0.0, 0.0, 255.0, 1.0, 0.0, 1.0, 1.0, 0.0, 0.0, 0.0, 1.0, 1.0, negative
0.0, tcp, other, RSTR, 0.0, 0.0, 0, 0, 0, 0.0, 0, 0, 0.0, 0, 0, 0.0, 0.0, 0, 0, 0, 0, 0, 1.0, 1.0, 0.0, 0.0, 1.0, 1.0, 1.0, 0.0, 0.0, 255.0, 1.0, 0.0, 1.0, 1.0, 0.0, 0.0, 0.0, 1.0, 1.0, negative
0.0, tcp, other, RSTR, 0.0, 0.0, 0, 0, 0, 0.0, 0, 0, 0.0, 0, 0, 0.0, 0.0, 0, 0, 0, 0, 0, 1.0, 1.0, 0.0, 0.0, 1.0, 1.0, 1.0, 0.0, 0.0, 255.0, 1.0, 0.0, 1.0, 1.0, 0.0, 0.0, 0.0, 1.0, 1.0, negative
0.0, tcp, other, RSTR, 0.0, 0.0, 0, 0, 0, 0.0, 0, 0, 0.0, 0, 0, 0.0, 0.0, 0, 0, 0, 0, 0, 1.0, 1.0, 0.0, 0.0, 1.0, 1.0, 1.0, 0.0, 0.0, 255.0, 1.0, 0.0, 1.0, 1.0, 0.0, 0.0, 0.0, 1.0, 1.0, negative
0.0, tcp, other, RSTR, 0.0, 0.0, 0, 0, 0, 0.0, 0, 0, 0.0, 0, 0, 0.0, 0.0, 0, 0, 0, 0, 0, 1.0, 1.0, 0.0, 0.0, 1.0, 1.0, 1.0, 0.0, 0.0, 255.0, 1.0, 0.0, 1.0, 1.0, 0.0, 0.0, 0.0, 1.0, 1.0, negative
0.0, tcp, other, RSTR, 0.0, 0.0, 0, 0, 0, 0.0, 0, 0, 0.0, 0, 0, 0.0, 0.0, 0, 0, 0, 0, 0, 1.0, 1.0, 0.0, 0.0, 1.0, 1.0, 1.0, 0.0, 0.0, 255.0, 1.0, 0.0, 1.0, 1.0, 0.0, 0.0, 0.0, 1.0, 1.0, negative
0.0, tcp, netbios_ssn, RSTR, 0.0, 0.0, 0, 0, 0, 0.0, 0, 0, 0.0, 0, 0, 0.0, 0.0, 0, 0, 0, 0, 0, 1.0, 1.0, 0.0, 0.0, 1.0, 1.0, 1.0, 0.0, 0.0, 255.0, 1.0, 0.0, 1.0, 1.0, 0.0, 0.0, 0.0, 1.0, 1.0, negative
0.0, tcp, private, RSTR, 0.0, 0.0, 0, 0, 0, 0.0, 0, 0, 0.0, 0, 0, 0.0, 0.0, 0, 0, 0, 0, 0, 1.0, 1.0, 0.0, 0.0, 1.0, 1.0, 1.0, 0.0, 0.0, 255.0, 1.0, 0.0, 1.0, 1.0, 0.0, 0.0, 0.0, 0.99, 1.0, negative
0.0, tcp, private, RSTR, 0.0, 0.0, 0, 0, 0, 0.0, 0, 0, 0.0, 0, 0, 0.0, 0.0, 0, 0, 0, 0, 0, 1.0, 1.0, 0.0, 0.0, 1.0, 1.0, 1.0, 0.0, 0.0, 255.0, 1.0, 0.0, 1.0, 1.0, 0.0, 0.0, 0.0, 0.99, 1.0, negative
0.0, tcp, private, RSTR, 0.0, 0.0, 0, 0, 0, 0.0, 0, 0, 0.0, 0, 0, 0.0, 0.0, 0, 0, 0, 0, 0, 1.0, 1.0, 0.0, 0.0, 1.0, 1.0, 1.0, 0.0, 0.0, 255.0, 1.0, 0.0, 1.0, 1.0, 0.0, 0.0, 0.0, 0.99, 1.0, negative
0.0, tcp, private, RSTR, 0.0, 0.0, 0, 0, 0, 0.0, 0, 0, 0.0, 0, 0, 0.0, 0.0, 0, 0, 0, 0, 0, 1.0, 1.0, 0.0, 0.0, 1.0, 1.0, 1.0, 0.0, 0.0, 255.0, 1.0, 0.0, 1.0, 1.0, 0.0, 0.0, 0.0, 0.99, 1.0, negative
0.0, tcp, private, RSTR, 0.0, 0.0, 0, 0, 0, 0.0, 0, 0, 0.0, 0, 0, 0.0, 0.0, 0, 0, 0, 0, 0, 1.0, 1.0, 0.0, 0.0, 1.0, 1.0, 1.0, 0.0, 0.0, 255.0, 1.0, 0.0, 1.0, 1.0, 0.0, 0.0, 0.0, 0.99, 1.0, negative
0.0, tcp, finger, S0, 0.0, 0.0, 1, 0, 0, 0.0, 0, 0, 0.0, 0, 0, 0.0, 0.0, 0, 0, 0, 0, 0, 1.0, 2.0, 1.0, 1.0, 0.0, 0.0, 1.0, 0.0, 1.0, 1.0, 1.0, 1.0, 0.0, 1.0, 0.0, 1.0, 1.0, 0.0, 0.0, positive
0.0, tcp, finger, S0, 0.0, 0.0, 1, 0, 0, 0.0, 0, 0, 0.0, 0, 0, 0.0, 0.0, 0, 0, 0, 0, 0, 1.0, 1.0, 1.0, 1.0, 0.0, 0.0, 1.0, 0.0, 0.0, 1.0, 6.0, 1.0, 0.0, 1.0, 0.33, 1.0, 0.17, 0.0, 0.0, positive
0.0, tcp, finger, S0, 0.0, 0.0, 1, 0, 0, 0.0, 0, 0, 0.0, 0, 0, 0.0, 0.0, 0, 0, 0, 0, 0, 1.0, 2.0, 1.0, 1.0, 0.0, 0.0, 1.0, 0.0, 1.0, 12.0, 9.0, 0.08, 0.17, 0.08, 0.33, 0.58, 0.11, 0.0, 0.0, positive
0.0, tcp, finger, S0, 0.0, 0.0, 1, 0, 0, 0.0, 0, 0, 0.0, 0, 0, 0.0, 0.0, 0, 0, 0, 0, 0, 1.0, 2.0, 1.0, 1.0, 0.0, 0.0, 1.0, 0.0, 1.0, 1.0, 1.0, 1.0, 0.0, 1.0, 0.0, 1.0, 1.0, 0.0, 0.0, positive
0.0, tcp, finger, S0, 0.0, 0.0, 1, 0, 0, 0.0, 0, 0, 0.0, 0, 0, 0.0, 0.0, 0, 0, 0, 0, 0, 3.0, 2.0, 0.33, 1.0, 0.67, 0.0, 0.33, 1.0, 1.0, 16.0, 2.0, 0.12, 0.19, 0.12, 0.0, 0.12, 1.0, 0.06, 0.0, positive
